start,start/step,0,timestamp,1699511927.4635794
start,start/step,0,timestamp,1699512108.8941176
start,start/step,0,timestamp,1699512270.7573717
start,start/step,0,timestamp,1699512351.3920503
start,start/step,0,timestamp,1699512404.185106
start,start/step,0,timestamp,1699512507.790674
start,start/step,0,timestamp,1699512545.0899858
start,start/step,0,timestamp,1699512744.428407
start,start/step,0,timestamp,1699513283.5563684
start,start/step,0,timestamp,1699513339.2806754
start,start/step,0,timestamp,1699513897.4316475
start,start/step,0,timestamp,1699526826.4059665
start,start/step,0,timestamp,1699528819.5606642
start,start/step,0,timestamp,1699531834.554228
