start,start/step,0,timestamp,1699597145.1309793
start,start/step,0,timestamp,1699597225.1083941
start,start/step,0,timestamp,1700307084.9471989
start,start/step,0,timestamp,1700307108.5239942
start,start/step,0,timestamp,1700308020.5962741
start,start/step,0,timestamp,1700308402.8108728
start,start/step,0,timestamp,1700308416.5246184
start,start/step,0,timestamp,1700308457.7674568
start,start/step,0,timestamp,1700308479.486249
start,start/step,0,timestamp,1700308500.3296063
start,start/step,0,timestamp,1700308950.797774
start,start/step,0,timestamp,1700309122.8761487
start,start/step,0,timestamp,1700309160.087366
start,start/step,0,timestamp,1700309283.0788996
start,start/step,0,timestamp,1700309401.581088
start,start/step,0,timestamp,1700309438.2032645
start,start/step,0,timestamp,1700309638.533473
start,start/step,0,timestamp,1700309756.449195
start,start/step,0,timestamp,1700310106.2881331
start,start/step,0,timestamp,1700312065.2607973
start,start/step,0,timestamp,1700312127.4811947
start,start/step,0,timestamp,1700312252.0720732
start,start/step,0,timestamp,1700312714.1302972
start,start/step,0,timestamp,1700312823.8737082
start,start/step,0,timestamp,1700313273.385866
start,start/step,0,timestamp,1700313304.4783826
start,start/step,0,timestamp,1700313939.610938
start,start/step,0,timestamp,1700314030.8450663
start,start/step,0,timestamp,1700314079.2620842
start,start/step,0,timestamp,1700317273.0861492
start,start/step,0,timestamp,1700317339.4200163
start,start/step,0,timestamp,1700317376.4199033
start,start/step,0,timestamp,1700317984.7563155
start,start/step,0,timestamp,1700318044.3229628
start,start/step,0,timestamp,1700318065.6673849
start,start/step,0,timestamp,1700318915.5866728
start,start/step,0,timestamp,1700319057.0978432
start,start/step,0,timestamp,1700319110.9339497
start,start/step,0,timestamp,1700319228.6303256
start,start/step,0,timestamp,1700319416.926223
start,start/step,0,timestamp,1700319511.665365
start,start/step,0,timestamp,1700319578.4062595
start,start/step,0,timestamp,1700319860.0461683
start,start/step,0,timestamp,1700319973.7067397
start,start/step,0,timestamp,1700320124.0538125
start,start/step,0,timestamp,1700320173.6891792
